{"cameraMode":{"drawMode":0,"name":"Shaded","section":"Shading Mode"},"sceneLighting":false,"audioPlay":false,"sceneViewState":{"showFog":true,"showMaterialUpdate":false,"showSkybox":false,"showFlares":true,"showImageEffects":true,"showParticleSystems":true},"in2DMode":false,"pivot":{"x":-7.649777412414551,"y":12.763997077941895,"z":26.331241607666017},"rotation":{"x":-0.056278426200151446,"y":-0.5387128591537476,"z":0.036103907972574237,"w":-0.8398961424827576},"size":5.510754585266113,"orthographic":false}