{"cameraMode":{"drawMode":0,"name":"Shaded","section":"Shading Mode"},"sceneLighting":true,"audioPlay":false,"sceneViewState":{"showFog":true,"showMaterialUpdate":false,"showSkybox":false,"showFlares":true,"showImageEffects":true,"showParticleSystems":true},"in2DMode":false,"pivot":{"x":-12.301641464233399,"y":12.298358917236329,"z":25.36568832397461},"rotation":{"x":-0.021085482090711595,"y":0.9781824946403503,"z":-0.12570621073246003,"w":-0.16408702731132508},"size":1.4438591003417969,"orthographic":false}