{"cameraMode":{"drawMode":0,"name":"Shaded","section":"Shading Mode"},"sceneLighting":false,"audioPlay":false,"sceneViewState":{"showFog":true,"showMaterialUpdate":false,"showSkybox":false,"showFlares":true,"showImageEffects":true,"showParticleSystems":true},"in2DMode":false,"pivot":{"x":-0.012909607961773873,"y":0.0,"z":-2.9802322387695315e-8},"rotation":{"x":-0.038987044245004657,"y":-0.9601249694824219,"z":0.21612553298473359,"w":-0.17321741580963136},"size":1.1262130737304688,"orthographic":false}