{"cameraMode":{"drawMode":0,"name":"Shaded","section":"Shading Mode"},"sceneLighting":true,"audioPlay":false,"sceneViewState":{"showFog":true,"showMaterialUpdate":false,"showSkybox":false,"showFlares":true,"showImageEffects":true,"showParticleSystems":true},"in2DMode":false,"pivot":{"x":-5.335982322692871,"y":3.6649155616760256,"z":-0.19795501232147218},"rotation":{"x":-0.10036918520927429,"y":-0.6853264570236206,"z":0.09582274407148361,"w":-0.7150359749794006},"size":31.822227478027345,"orthographic":false}