{"cameraMode":{"drawMode":0,"name":"Shaded","section":"Shading Mode"},"sceneLighting":false,"audioPlay":false,"sceneViewState":{"showFog":true,"showMaterialUpdate":false,"showSkybox":false,"showFlares":true,"showImageEffects":true,"showParticleSystems":true},"in2DMode":false,"pivot":{"x":-1.279999852180481,"y":0.7349975109100342,"z":9.668435096740723},"rotation":{"x":-0.26689374446868899,"y":0.10440502315759659,"z":-0.02909838780760765,"w":-0.9576144218444824},"size":10.78349494934082,"orthographic":false}